Actual,Linear Regression,NN Model,KNN Model,Random Forest,SVM Model,XGBoost Model
3.974246349,3.8794216267077095,4.110053,4.1872030243,4.142801220708391,4.0531225750845845,4.150085
5.001190835,4.779037209596417,4.9420857,5.1347232837,5.176383635547926,4.940914158188498,5.1551723
4.562053895,4.451361530135302,4.55131,4.6508472829,4.559804829804347,4.50063598561081,4.625303
4.176231722,3.9020695855258936,4.132429,4.0324757716,3.9690442720968764,4.140391206499875,4.1377854
3.156148995,3.7450527682556047,3.732858,3.4758405328000004,3.5598429490135937,3.5963282757155515,3.5503583
3.777119243,4.492023817343054,4.512411,4.4609417594,4.414647668100602,4.489270631145033,4.4888334
4.932889945,4.442782793726647,4.5160613,4.4460411842,4.52039803761347,4.441165898124494,4.5619154
5.120923648,5.3530082028263415,5.15309,5.0287311272,4.995409611488974,5.04901746057733,4.971996
4.044103346,3.8444808158171186,3.9282906,3.8706055787,4.083349498378077,3.9228187050163825,4.0152593
4.318687394,4.424138435700849,4.422482,4.334871446399999,4.387003501842295,4.395920413241854,4.324331
4.165424144,4.497060396003881,4.506955,4.4692561489,4.409889001654352,4.440536240930863,4.355046
4.446643278,4.434581939505928,4.41882,4.4741506285,4.393117267018888,4.352396275861942,4.4011664
3.642049867,4.356404281533531,4.3733697,4.100220792,4.277473385015291,4.35544767670291,4.2717757
4.463721822,5.021800303796221,4.289459,4.317840499,4.205550923219956,4.3072415387911995,4.256836
5.192956851,4.5370536786149245,4.6849813,4.8201875966,4.722753934022773,4.752482877519573,4.867023
3.564449376,3.781561412919333,3.6770554,3.6159386364,3.60877790429234,3.6593151108709243,3.727569
4.516885271,4.584162140495972,4.6329074,4.5013872633,4.548915720088473,4.600979645230183,4.5102243
4.270396506,4.938958362100747,4.412231,4.3799992374,4.410066777791728,4.431664769771062,4.424949
4.367293635,4.455270712131944,4.546247,4.499217336299999,4.476469712196489,4.43618900659934,4.438396
3.758172281,3.773597425046903,3.879904,3.5327922952,3.5143028409930483,3.646854749382986,3.4945486
4.322011202,4.606949995462983,4.692055,4.497819495699999,4.376711665594827,4.533362317358674,4.3506746
4.657857508,4.414003406329457,4.4135385,4.305959044800001,4.406904904465787,4.384218248427634,4.4160485
3.690627925,3.782334061359829,3.8337812,3.7108845077,3.8609827403859094,3.7382836595690163,3.8404183
3.676300672,3.7677524141568184,3.5679543,3.6668970370000005,3.516117477130941,3.628786609103506,3.5012503
4.525477417,4.675298666687045,4.68482,4.5503541644,4.703091008766134,4.608017021726822,4.5831995
4.709440107,5.287439548497354,5.1254697,5.245872412700001,5.122989543676214,5.144409482964218,5.010072
3.100542638,3.762261372972071,3.646413,3.6081126495999998,3.6639295129344203,3.5705612433304044,3.6648853
4.385395952,4.8329400792334445,4.490006,4.284724153999999,4.409655704149485,4.248071686226528,4.421515
4.358374106,3.989477546270884,4.2311535,4.4015252291,4.368213991555852,4.494531055433983,4.3858986
5.161064773,4.59348308529017,4.8035374,4.7982471655,4.805937164589353,4.8197748743127695,4.677855
4.636281181,3.8812539501948553,4.084018,4.1658761678,4.276539535582593,4.163397602941295,4.336162
3.598133841,3.83179270816066,3.7494316,3.8745936598,3.7578531049157764,3.8381570337813598,3.9159958
5.742009104,6.019159141702771,5.418576,5.2985276336,5.5073676363159825,5.479967361146241,5.4864893
4.130515759,4.2405861209291595,4.165136,3.9775242278999996,3.9727616766108236,4.151723986851344,3.8699267
3.301008654,3.803095846811982,3.794593,3.6988596560000007,3.8116539168349464,3.765942010603191,3.7854373
5.411779971,5.406789872820088,5.219078,5.3769062877,5.315045544383025,5.232409574444039,5.1195154
3.798182189,4.248873694941159,4.1630735,4.1014494496,4.161860268788017,4.099634166466707,4.1507597
4.431649785,4.082953554069165,4.3139462,4.392146389800001,4.515064862712658,4.665921883929918,4.6255665
4.40903364,4.88946783431462,4.5835385,4.3692390933,4.429416206990566,4.358409579342826,4.479413
5.325932534,4.687406559127749,4.949407,4.9429133515000006,5.227183539882662,5.17589946036483,5.273058
4.294424174,4.517051047763512,4.6022253,4.639595485999999,4.662663027607923,4.643163632936704,4.707349
5.217649463,5.570757003523179,5.2330785,5.179411042900001,5.250480750582044,5.3414133095396465,5.3391876
4.30662937,4.466474332499215,4.5021205,4.425691177900001,4.489530879163487,4.488977599639894,4.484939
4.431768727,4.548459368571795,4.600939,4.5857077634,4.575498171025247,4.636303762294775,4.635897
5.371242497,5.279834772196209,5.060332,5.1265354515,5.147379919381662,5.047665894644527,5.0577703
4.389126372,4.8675654774408095,4.290629,4.3847055762,4.420389175092751,4.238550789250831,4.352187
4.907346705,4.711231915911777,4.846929,4.965478557199999,5.073522115970472,4.933819438421099,5.089371
4.390366759,5.00158447586921,4.269045,4.3511508057,4.153754361459955,4.2813233449449095,4.1266203
3.855875845,4.3115830068877585,4.2393904,4.2616887734,4.29000757195424,4.213902078486795,4.33285
3.434632158,3.695529442430048,3.5884147,3.4262387889,3.4077911202010283,3.4704410669452526,3.4136052
5.2907891,5.241158562871011,5.353221,5.2917379478,5.358660647868089,5.5293434998975055,5.2899947
5.071354029,4.74079529059061,4.998826,4.892748061800001,4.995652109607763,4.999548516662711,4.9820585
5.004885462,4.350625020171014,4.3732586,4.4034448983,4.455237170504542,4.323430401167504,4.4259872
3.930255774,3.839605818548287,3.9182816,3.8944404817000007,3.9426372892301624,3.9292816191440103,3.8704307
4.793805105,3.800523691618686,3.8550537,3.9098465650999996,3.876281151091409,3.843070376857413,3.9389806
4.517867858,4.319954756120103,4.2680964,4.2794286007,4.252646276444022,4.194618370383498,4.237003
4.618382517,4.371230386566943,4.4036484,4.3030840878,4.21039782232172,4.291460147643303,4.322143
4.712857991,5.116495513481043,4.521711,4.5455553551,4.652175449283436,4.665523129435343,4.70598
4.915665057,4.727243558648678,4.8995185,4.783598709800001,4.781080103647681,4.917466259626773,4.76971
4.463145686,4.122251389626367,4.1729093,4.733663140300001,4.569655405226173,4.611262241042461,4.699435
4.352082758,4.241140842027384,4.1087966,4.060157987,4.20349423442741,4.0226066067542465,4.230506
4.703294584,4.4816180100625225,4.596055,4.4394090141,4.561042408815822,4.4922098291096475,4.68314
4.037950562,4.399206169719552,4.406286,4.353575198,4.2055213225324195,4.2476892415246805,4.119855
4.029094677,3.859808283174285,3.8766327,4.027129115499999,4.110687921368066,3.9558457782844316,4.1127186
4.406109305,4.298043816708201,4.262628,4.322057161600001,4.19315195012634,4.20011001999817,4.0800037
4.213312081,4.494762812078397,4.4612894,4.413948143899999,4.388765438407628,4.481484375500395,4.376976
3.755369195,3.7782614028824835,3.7238941,3.7204269766999998,3.668722096752035,3.777708808712081,3.632261
4.085640122,3.826835239624503,3.9694092,3.6461838832000004,3.9496472070845616,3.9082297739497207,4.0709844
4.213312081,4.334837008384756,4.336862,4.0426096743999995,4.304025923712703,4.290170696134839,4.319078
4.44370952,4.497258355842643,4.4806094,4.3830394534,4.5207989959198835,4.5624884960775365,4.44704
3.80999028,3.7723255831581675,3.8721857,3.4712723601,3.506412143172191,3.661588329250363,3.507166
4.712588583,4.872279268730197,4.4703803,4.2828403868,4.424017070776531,4.435928032974106,4.485328
5.00354354,4.80186034757411,4.73312,4.8277984288999995,4.761958990893838,4.817201842764009,4.697062
3.134624272,3.7016786220879356,3.6520636,3.3838339217,3.2813220804986343,3.436650832136852,3.1593392
3.348850901,3.777372088275277,3.8328183,3.7426540995,3.7873999949936166,3.706749325559604,3.8733451
4.186619838,4.41814850109062,4.3133297,4.2173607574,4.4193947020553255,4.3038204509621485,4.4163976
4.045504397,3.9025899905975465,3.9546835,4.157682234200001,4.120235823402123,4.09753108491689,4.1283927
4.449802099,4.449146505187965,4.519941,4.4020289208,4.4193741006848475,4.494206511604047,4.446929
5.152597712,4.656291980672977,4.7023134,4.6968745698,4.720389116290896,4.7011749726479515,4.747331
4.202301704,4.515672563064631,4.501291,4.5228834452,4.58831066002938,4.532494824702718,4.495931
3.740047741,3.8020512461252425,3.9013667,3.9916289235,3.892842445064874,3.8216221753681485,3.9138916
4.914271226,4.55594924637577,4.612648,4.6901385189,4.814592465047185,4.629338640263686,4.796856
4.687395126,4.6003535507424385,4.5832505,4.607330809,4.567163092803689,4.585710342361757,4.5334272
5.373842192,4.523954308447493,5.0172954,4.639455560500001,4.932153080993745,5.212128021500458,4.899973
5.428204627,4.912066507899045,5.1400123,5.1738550025,5.239510293722805,5.230738617062173,5.2564783
4.414372811,4.471045116178671,4.522281,4.622796946900001,4.622456442372726,4.50615599592814,4.692051
3.696351469,3.734748942968698,3.659809,3.5888194952,3.5457249058423024,3.5503455716426284,3.5669918
3.231989464,3.749110329131701,3.7578557,3.5799911078,3.5830796150178226,3.601364755684859,3.6987977
3.670460869,3.774319261214082,3.7056708,3.5280630668,3.5712771170399176,3.634439057943372,3.6866198
4.71124045,4.501821642146826,4.555181,4.6876859424,4.723962665491738,4.641579523366512,4.7166047
4.865609522,5.530463404896803,5.2543454,5.249628232099999,5.2691915302110655,5.298633753112878,5.176303
4.469694046,4.056741368340335,4.3718424,4.4640578068,4.50057766196017,4.545985632481486,4.44918
4.495801649,4.838968594526266,4.4060755,4.2592307374,4.283256913432124,4.2892952540372375,4.007302
4.129550818,4.351131706835216,4.3481693,4.1001585153,4.267047115848929,4.307432457410382,4.2059107
4.613039144,3.9738373063978623,4.1808968,4.0601909837,4.170845008326415,4.373716636836567,4.288445
4.349761674,4.383621991125383,4.259285,4.0679577711,4.038933739500882,4.169141740408917,4.0166864
4.879082894,4.685689646194975,4.7541957,4.706993237,4.972709359927861,4.663119201501903,4.663561
3.998384171,3.757324357790649,3.7209582,3.6029654709999996,3.6643833253164,3.695413034590837,3.6479847
4.416186486,3.9206548729658626,4.222131,4.3139799779,4.320106541651688,4.213106852422618,4.182126
4.777020443,4.659755790483323,4.735848,4.7732053809,4.702330843729534,4.778893538730406,4.7197075
3.131136911,3.735464134485016,3.5218132,3.5253808479999997,3.5715902664172585,3.456270812382355,3.4508538
4.842374421,4.891507494513402,4.842434,4.9148539744,4.865895595014669,4.964266693906471,5.025556
4.108576144,4.436928695715636,4.3054366,4.398344596199999,4.355072331057162,4.337722915040391,4.3014827
4.836440625,4.856204422826168,4.9667444,4.8426329819000005,5.197422958415303,5.058166660726714,5.163862
4.72986263,4.456557282955362,4.448953,4.533727669099999,4.5956242477295515,4.485162261241921,4.6041374
4.339249605,3.8473723173289445,3.795677,3.7917597809999997,3.794651965548375,3.795819177875046,3.7916832
4.266756065,4.305416786914339,4.0788455,3.9807557544999996,3.944968706574047,4.070705760030825,3.8535137
4.382151627,4.43252494658189,4.3104653,4.3102026546,4.198115030310161,4.281356993718513,4.0381393
4.209902903,3.669078469044689,3.4241788,3.30860756,3.381532542193515,3.4263531895646087,3.2231224
3.929469919,4.292804964976872,4.1989293,4.1303358816,4.100507220117173,4.111415139480046,4.0616145
4.191320021,4.309743782451485,4.1584644,4.1801941147,4.1395970447470445,4.056081858883464,4.1541715
4.513712575,3.9981197992844835,4.3193707,4.3024652202,4.32626689666516,4.437455738974352,4.2946467
3.91442013,3.7787529060670657,3.7783928,3.7360626861,3.8356395900641127,3.7997136673601997,3.9017959
4.653674595,4.536270419564155,4.576515,4.5757961873,4.646045190407923,4.607576244664337,4.5587
4.553982149,4.590362105680299,4.719578,4.7165703558,4.692356051266291,4.76108756814161,4.6854444
4.02731405,4.452270118533908,4.5106764,4.4282884441,4.457851505823376,4.486428312048829,4.365789
4.142658423,3.904935509816488,4.017466,4.047856676,4.088079895238406,4.1844432009795565,4.114838
4.941570991,4.661562767738068,4.7569504,4.7101641125,4.77939631679966,4.855781604034456,4.780385
4.354141431,4.419450419867958,4.459975,4.425685805700001,4.462356165938109,4.420551421260393,4.427928
4.235265253,3.831574614996523,3.809952,3.9423144853,3.8989339445770956,3.8471271835649263,3.766332
5.242910359,4.7719248556906555,5.065678,5.001048100899999,5.108406069303063,5.181134900961968,5.1302695
4.636668853,4.677197733047317,4.8625627,4.8236453761,4.860697506802802,4.948251657380666,4.878152
2.333114298,3.4629196610327346,3.106313,2.4951309501,2.4854354000676544,2.92401686051121,2.3286316
4.065945088,3.9027657892269527,4.119927,4.0864103951,4.142242887673931,4.169509891145938,4.077315
3.379292546,3.7766277819474845,3.7710416,3.9118568199999997,3.7937920731953363,3.708217328549284,3.915526
4.100160948,3.8878239422159866,4.197228,4.2597275117999995,4.375057338726682,4.140641638244409,4.3577785
4.439351701,4.4436053889310765,4.5144157,4.3744919182999995,4.449488195882156,4.455174730084635,4.513381
5.218841165,4.736772906645899,4.9438477,5.0313082802,5.044378774601203,5.031128646561251,5.1480308
4.356452384,4.3439313009042335,4.1593285,3.9952380772000007,4.096991459720891,4.186190379102842,4.1320915
4.148359151,3.7407896881979625,3.668195,3.6454557037,3.647025651905649,3.5934641796002538,3.586817
4.966753066,4.948891547320206,5.195377,5.093316836,4.763516275670685,5.077005464977252,4.7202816
5.031287234,5.144890744783441,5.0633245,4.9685223805,4.895985774897662,4.950835178790801,4.8620625
2.714694744,3.4583510709702328,3.1206925,2.4470549225999996,2.6335370164308447,2.9499387561168997,2.6231475
4.39172941,4.108018030538085,4.4732413,4.6930033642,4.809161335847147,4.7000411112728235,4.895327
4.872828107,4.646258820314337,4.885931,4.9160044116999995,4.859545379180722,4.885613208235758,4.8638988
4.259435182,4.484291792859199,4.591996,4.6834534119,4.656996290264403,4.590323623079794,4.841547
3.803992261,3.8383268500180465,3.8622043,4.047719398000001,4.0495131637983866,3.983849310327566,4.0844364
4.703928958,4.449995296668233,4.4122524,4.3819155272,4.390611423928283,4.344656708263779,4.3585033
3.571221411,3.7118062139214865,3.6288586,3.6575207321999996,3.4509181736537413,3.5176280683599535,3.4148886
4.508989628,3.908936185474695,4.0948324,4.4723546606,4.156774201943478,4.259428730701877,4.311882
4.55240212,4.455772028980015,4.376107,4.4265345145,4.501720480635729,4.33275227569227,4.36427
4.226541732,4.066478622591202,4.397242,4.469493854,4.451297649544125,4.611281812052509,4.454974
4.570475216,4.62941565703247,4.7074323,4.755790083000001,4.7905347622256045,4.779967423862397,4.756706
4.156379953,4.717256499452882,4.2575617,4.1462670651,4.083638738565926,4.129324404310726,4.0493536
4.725084283,4.719406465447842,4.7860427,4.7327473205,4.7074896753835755,4.792327943214658,4.7151914
3.680343123,3.9698940709545423,4.0176497,4.157565548999999,4.0215882881053915,4.257398801633659,4.0046306
4.29701326,4.344613899490612,4.3193526,4.370458644299999,4.290675120005635,4.2346337783246115,4.3029623
5.440164091,4.760313206045033,4.801754,4.69727994,4.8569874086461375,4.82290771366574,4.937736
3.676806873,3.7511213595814414,3.7212453,3.7311905320000003,3.731314025289793,3.707323949636427,3.7347329
5.161523515,4.644550272597439,4.705192,4.8674879228000005,4.927288409127039,4.8807920551490795,4.903561
4.160912273,3.957572420571488,4.2307034,4.2034517526,4.2981096326578365,4.391759336451575,4.39499
5.613930704,5.721510968149245,5.19473,5.1648934969999996,5.129341026228456,5.0983124240140825,4.991432
4.016563185,3.8451747127506297,3.9504547,3.8807080121000004,4.026934215397649,3.9314200993395114,4.0065193
3.384051223,3.7772198844395066,3.608883,3.5276356481,3.558708814836079,3.547562583485014,3.3576684
3.971988587,3.829164178634471,3.79703,3.9625022107,3.6549461574221676,3.892193457263914,3.746279
4.320815904,3.9247773659747436,4.221657,4.2820489971,4.277621574127344,4.316235547874594,4.3120275
5.202687136,4.69851660888427,4.838727,4.8693855015,4.971028571137777,4.986692642486281,5.2923474
4.938566268,4.867731222790571,4.917004,4.9207123473,5.021129490908538,4.909815532908286,5.0883307
5.062468443,4.7964487248014755,5.1353474,5.1244398559,5.089082929626352,5.0806339912798,5.079453
4.5582882,4.548557077730114,4.535232,4.655220933300001,4.660427891789384,4.5378020200406,4.6404138
3.785552341,3.795172647152194,3.9147847,3.731212748600001,3.8408543085773146,3.7666394837980803,3.8124642
4.840953518,4.095501695178957,4.5097184,4.570548205,4.518461665910849,4.665289288486247,4.410688
3.302481409,3.72121111755073,3.749455,3.5328796692000006,3.6843744516681665,3.473663534825965,3.673233
4.826391892,4.738545689180106,4.6597843,4.725958718100001,4.6057470770785,4.660844775073336,4.53793
5.320078858,4.728168483266499,4.8753414,4.904541596,4.918651109188735,5.054492915315177,5.0431705
4.301494224,4.364130244682796,4.395675,4.278170992600001,4.432382583564462,4.211972841042589,4.373952
4.307303088,3.8242000305430164,4.1236396,4.112775818599999,4.135525531466431,3.7497630500584997,4.0481935
5.119190701,5.4984402835055475,5.2432942,5.2207394195,5.273648160589727,5.2187693999574245,5.247897
4.340292766,4.41838681112087,4.4250836,4.4342710597,4.492027851148763,4.4268401038968666,4.4384074
5.099744469,4.599431055488866,4.7409334,4.8040721849,4.709170729709534,4.751970143465509,4.753094
4.893726876,4.402451281380403,4.4537253,4.336554148199999,4.420646505801338,4.3212398976507425,4.4214683
4.456089963,4.506284572694787,4.4855742,4.139624274400001,4.211037668275302,4.315783966081325,4.190045
4.902975842,4.67061385553945,4.8027215,4.7110102985,4.844650910658235,4.876257570050672,4.9205236
4.392348184,3.888438961260785,4.112392,4.453021614,4.325283630044581,4.180848768212316,4.2128196
4.597541159,4.615453910392772,4.735505,4.8746622418,4.95233130457775,4.8054518962843575,4.9663596
4.422808628,4.488887977151399,4.5387864,4.572758611799999,4.560204318295447,4.567268868948506,4.52528
3.118834471,3.6838414401206547,3.6075065,3.0803471380999996,2.970132579464776,3.3405686929437466,2.745232
4.023206534,3.8026585218506894,3.9466465,3.9409903615999995,4.06502896718874,3.8028534676450834,4.0435624
4.395066248,4.488975527983186,4.462992,4.3681824228,4.350339443587618,4.448738962962452,4.307876
4.064400686,4.331171943180165,4.1163483,4.1679472362,3.9652181393158825,4.051248882019568,3.80394
4.311335894,4.586657641940806,4.642258,4.6563373542,4.657022684875032,4.655079589952605,4.581679
4.231784971,4.505570728827944,4.521349,4.399295480499999,4.444032123292834,4.453967422367471,4.3862224
4.335982696,4.113113543878886,3.8287566,3.9334864245,3.7533537171708313,3.849741851033082,3.6160977
3.860940215,3.7950443490416994,3.8851457,3.8969526038999995,3.903562492487627,3.8299096359484923,3.9556549
4.24792365,4.347801283922267,4.274347,4.2931935146999995,4.2762461205700575,4.189265372004605,4.2207756
4.717426868,4.602603076179499,4.7206993,4.7855825821,4.716368378371861,4.72558375591876,4.6958466
3.708927149,3.8347970704318635,3.9269397,3.9310354883,4.0526872104059946,4.027235931807989,4.0964475
4.171614198,3.84656083344355,4.003616,4.0567213155,4.089106924998956,4.007221318072233,4.217022
4.730392151,4.031758278576026,4.398107,4.4974802724,4.425771009568075,4.580255676380443,4.312587
3.936325298,4.30022500063734,4.2611895,4.2196870225000005,4.283626363804658,4.129837675530256,4.2568097
5.476463552,5.341745345701128,5.057606,5.2302043774,5.056739960062541,5.021909651775459,5.043324
4.346140356,4.256387766867301,4.0312953,3.8308082732999997,4.02159285537233,3.9999660893489373,4.083815
4.715995741,4.540488215503942,4.548721,4.6069408059,4.628699542406273,4.622064905410621,4.58504
4.517649588,4.4828611767071145,4.363839,4.3510883699,4.397150484542539,4.366264205988704,4.441657
3.852485293,3.8806007455301645,3.9367983,4.0331900078,3.8775195088338275,4.05528160925056,3.8960447
3.996731733,3.799249620024825,3.888028,3.7394148555,3.7512817704704053,3.8120359245363336,3.8955
4.172385267,3.8693439932889606,4.146168,4.119739227600001,4.1318178378327195,4.096005900160161,4.1277323
4.35504077,4.4215689397665425,4.4515486,4.319025008700001,4.350501676308025,4.4234048363483724,4.29471
4.53999146,4.64858385983255,4.529851,4.539806649699999,4.475373575662228,4.463744145649583,4.408078
4.023922098,3.8333279238391293,4.0266275,4.018782434,3.8726872216941164,3.9625197673248738,3.9149227
3.104586678,3.714133782047897,3.6352835,3.4119353011,3.35150441329718,3.486208004330283,3.3395226
4.829992328,4.170581288574385,4.4805474,4.831998001200001,4.640017418455312,4.846005555858484,4.6210456
4.476199805,4.467935299310506,4.380323,4.4642188768,4.365687813583119,4.382374034372573,4.409848
4.471410196,4.426445581768421,4.4278193,4.283546889,4.359940869106733,4.4127381210985455,4.326366
4.145829505,3.810149812931545,3.8323581,3.8076661016999997,3.807205099766336,3.8396752263473317,3.9678054
4.220242729,3.9047670967857084,4.0668154,4.3142363883,4.3747097478221155,4.15764928839413,4.46903
5.000988917,4.608806203077807,4.6555324,4.5342667441,4.578458227002509,4.63014273698842,4.6098523
3.993234261,3.7988389555165973,3.8652635,3.9675951706,3.804745810043293,3.854600091400175,3.9093006
4.392348184,4.623551142535218,4.6960926,4.6057002759,4.6015634291786265,4.676403473504025,4.5638556
4.839767887,4.907004767887797,4.848671,5.013962501499999,4.796482347381769,4.901771952356633,4.836171
4.008060194,3.794160397881145,3.841958,3.7342410660999996,3.8727476787836235,3.8148171665538833,3.8843973
4.71357606,4.741898241219207,4.8585577,4.7447284639000005,4.73315972746337,4.820809306714701,4.826009
4.851014123,4.532909826223519,4.5936055,4.5855446771,4.679950165399475,4.600737789800211,4.6735797
4.37298589,4.792153012930236,4.7932034,4.7413275622999995,4.6953664312621335,4.667091962012961,4.723169
4.07973841,4.377825900691723,4.3763156,4.2592134453999995,4.302255838806128,4.298422020702715,4.233032
5.572306112,5.427273810741102,5.2257895,5.3313423913,5.256412050864377,5.388414806251341,5.392054
4.739963282,4.668458958862228,4.725613,4.5780570018999995,4.954465514687551,4.614949847059924,4.6485367
3.566429294,3.787396008721257,3.8723695,3.6966761178000005,3.764539754720039,3.752541058090174,3.7714067
5.124618527,4.410707909756712,4.4300942,4.6266578946,4.483046976952662,4.409804848227527,4.4881024
4.49635928,4.412517661168929,4.4176626,4.5334740252,4.454285265242284,4.441655266744855,4.4866257
5.364292355,5.749578185024381,5.2146792,5.158217175300001,5.097312466199086,5.136515022500121,4.964766
4.836678654,4.6164903145972005,4.728518,4.8772162008999995,4.8177691406441605,4.7470227470675885,4.8776627
5.104732617,4.944064527869617,5.201038,4.955359755999999,4.742834987129134,5.184974951898593,4.818736
4.608265391,4.580394941453285,4.640387,4.587170865799999,4.683144962668066,4.692964647991268,4.7168045
3.057297629,3.7552314014526686,3.7622654,3.3475652386,3.472611039242043,3.6148479098274704,3.477859
4.869378902,4.004394221143595,4.300119,4.568614158800001,4.587002829261339,4.593420346819614,4.6972404
4.539564429,4.453624754698514,4.3462033,4.3365534406999995,4.4505252434235585,4.378644356602361,4.4006805
4.185403293,4.403042227537196,4.470917,4.3655641297,4.3089413462965656,4.364195800397537,4.3692923
4.191017449,4.493061855695732,4.4984283,4.3941667494,4.456175784294391,4.45258278099338,4.3553042
4.302306792,4.449318255412442,4.455528,4.5924250481,4.68217392093267,4.526045810224471,4.736329
4.4959132,4.534137717375706,4.5313826,4.3514058977,4.37644225083685,4.483759034001679,4.3680463
5.3574821,4.666006989086938,4.7572007,4.7061387444,4.803271577839102,4.864117003742417,4.807771
4.243051882,4.914631956368798,4.504355,4.563946554300001,4.42883976894397,4.34369781335318,4.608027
3.66586668,4.079571525673339,3.7662702,4.1929674018,3.9237395933557355,3.79602660787234,3.8497975
5.100902476,4.727659831598174,4.731325,4.720967160100001,4.732019822109823,4.687088561342037,4.734355
4.725616339,4.445036422196135,4.542985,4.517376866899999,4.530253909718976,4.3891829538979925,4.5293713
3.629394807,3.7600790279098923,3.821551,3.6634964207000005,3.7200795831249214,3.6492356381981734,3.774752
4.789073824,4.544754962031222,4.628167,4.5457120732,4.638902793788424,4.615521686777312,4.6032057
4.149621578,3.5187877411427766,2.9208956,2.623510078,2.961504429188405,2.7464144402124675,2.8783772
3.969725716,4.009550612908937,3.5886328,4.1245734833,4.0298196061393075,3.7083656991100336,4.110613
4.037068494,3.829075933722356,3.7503755,3.8822595947,3.7494304962434315,3.829173620992989,3.8873634
4.583640067,4.486811810421586,4.56685,4.4917622178,4.5208331914949555,4.549887498925463,4.5389576
4.430578675,4.500384315537475,4.474582,4.473954662000001,4.541245959563495,4.445933258047925,4.5170045
4.055776969,4.368923489321136,4.2930713,4.244437533,4.4323480916563796,4.3177108361678975,4.55694
5.073797869,4.3936059691345,4.47037,4.686904410800001,4.402650408454026,4.426196483900341,4.456158
4.447228998,5.165543693916361,4.7262297,4.634781351299999,4.772806476823028,4.913442742743174,4.731477
4.588329169,4.560876729457638,4.5962043,4.630712131000001,4.692499218271913,4.604584853053636,4.592065
5.144350003,4.795159061387352,4.9812913,5.078267477700001,5.031317485562251,5.059676089253587,5.058604
4.583333491,3.910861484314178,4.163125,4.0075559031,4.199923158737202,4.239612801957261,4.2621303
3.535145354,3.7906516927899014,3.8619735,3.7516328731,3.861715306033977,3.7731745214239205,3.8137388
4.420886706,4.398169524617264,4.4307504,4.6696234461,4.4569701627089,4.367727469272233,4.348425
3.822973189,3.8784500673005304,3.9850848,4.0000092916,3.9970506494290503,4.0955061642485555,4.069026
3.936130081,3.882376394502587,4.0448146,4.0029875695,4.1277342525047,4.066437766364425,4.0769157
4.780299272,4.61766321016255,4.764121,4.8056196041,4.492322453588663,4.842646083236775,4.401412
4.044278585,4.3400570315943625,4.1454787,4.1734724201999995,4.1465822871789575,4.285646456336476,4.442605
3.421000009,4.560021957177489,4.4330287,4.5021031562000005,4.423474771560138,4.454437163954344,4.3892665
4.231784971,3.8215098285853633,3.8574073,3.7809275332,3.7877768501783105,3.844365304329586,3.792982
4.959412173,4.759770035575129,4.978065,4.9480873114,5.047841139192988,5.087712359182842,5.034244
4.527100531,4.44376372473704,4.5078044,4.3221130569,4.3931611740071785,4.471493331344682,4.439179
4.294560609,4.610940235860707,4.5436444,4.4852762874,4.507037781997573,4.507875896998765,4.4814987
4.688959712,3.9097619240262476,4.157118,4.081759293999999,4.21570765666247,4.244007709728224,4.123416
4.541484634,4.613952857959366,4.6357317,4.632520585,4.524471855246016,4.667463219363309,4.48886
4.62192897,4.541324181774655,4.637693,4.747948931600001,4.634280394790463,4.6613421840150675,4.621287
4.560800238,4.40355494194336,4.404906,4.2583653385,4.376002895620147,4.328816029186535,4.3382316
5.55597828,4.634719791050903,4.7743993,4.888236805600001,4.82203876133954,4.913253217768986,4.8447747
4.631617356,4.421993171417704,4.430141,4.3967787376,4.411734761045733,4.455174883805938,4.397702
5.674182005,5.6577385935332725,5.325793,5.5679533157000005,5.415605772300738,5.722749685075462,5.4454627
5.573825638,4.643957127169546,4.7207584,4.6664163699,4.792994426059182,4.790916725833295,4.796442
4.932169121,4.666469182892152,4.763945,4.7766125036,4.782851800589664,4.870398619141435,4.741633
3.922369297,3.835938171134747,3.9429278,3.8954713547000006,3.9640944365828203,3.917130461170771,3.9390428
4.484018984,4.23657432492833,4.4556437,4.8022499871,4.77117297996534,4.885359577112763,4.954013
4.633951987,5.367397316851012,5.0647593,5.2302043774,5.06747149986345,5.0392591823636765,5.039975
4.579339426,4.583484205862421,4.6496043,4.650073958599999,4.60352537673946,4.723328645969155,4.6267443
4.99199599,4.545901442811079,4.579513,4.5756901255999995,4.595584409555715,4.626950969876696,4.6748195
5.56819182,4.812607212864922,4.9592648,4.947058085299999,4.9088713016777,5.034803209107961,5.0018396
3.982295058,3.9020365363226728,4.213252,4.3340293313,4.312301920283104,4.2682491334724935,4.284759
4.091674334,3.7797662370435208,3.7980897,3.8134320132999995,3.8828838041145275,3.800398028808422,3.9838347
4.186923744,3.8761245312396637,3.995901,4.1616127301,4.097737071571632,4.122715460339516,4.094386
4.816645932,4.63624449811527,4.7784367,4.7081035036,4.74834853178004,4.898702230740066,4.794869
4.421487704,4.421759915763185,4.4405603,4.320878925,4.453557944289486,4.389613686293481,4.521103
4.432719749,4.469028459852678,4.403642,4.4544910958,4.547287346548296,4.374044870087097,4.493003
4.056988776,4.560770041935319,4.489536,4.453257892,4.449982373071299,4.350625675751946,4.2431965
4.825670246,4.7657709514610005,4.898336,4.9499668165,4.906408711571131,5.014817273643111,5.036276
4.327174383,4.299666758753832,4.279021,4.1798314351,4.248090360788469,4.236034275244212,4.2906723
4.579339426,4.468726178113222,4.5340962,4.771673762099999,4.6670265459769364,4.520175166317726,4.698884
4.45423101,3.8959580187796763,3.935159,4.1454855289,3.940140018150537,4.0829296355954865,3.9645517
5.412047757,5.388586025357032,5.0806475,5.2302043774,5.014342190130423,5.035748232093598,4.883797
4.124226937,3.8201890719760856,4.034355,4.146290843499999,3.845328542331472,3.7490260637824226,3.607656
4.229603628,4.3783319573349795,4.3982344,4.3391586067,4.446959256548942,4.31531434053631,4.416619
4.857950206,4.735285540620686,4.922042,4.8986716161,4.949563816973021,5.02609845045532,5.0160737
4.785823686,4.469816424192206,4.4295163,4.2168209296,4.286170553863856,4.221768640092848,4.245287
4.427477898,4.452302536596967,4.5423875,4.5729744635,4.422348001049421,4.3696643463695635,4.3345914
4.405254761,4.537594428402259,4.583712,4.503883028499999,4.695825478660406,4.671413233946016,4.8230977
4.023385473,3.850944359958131,3.8243623,3.7270102691,3.5947608024299167,3.7287626635979176,3.614931
4.414977735,4.520660810959137,4.5403557,4.2778996461,4.336867539466012,4.255466211032334,4.214507
4.899852698,4.076658689382823,4.484328,4.570548205,4.738732059149187,4.6025651994895025,4.710319
5.159974417,4.694002391170831,4.8911066,4.9854640458,4.931308342894061,4.889196394870265,4.876982
4.539564429,3.978784261593449,4.2183576,4.1472497373,4.235821995792095,4.3931032688397815,4.258435
4.669364898,4.638683492250861,4.7731204,4.6769595199000005,4.766216806799817,4.816980137577794,4.714494
5.257599533,4.652403509311677,4.804297,4.8750963919,4.850482785431064,5.0802640856832815,4.9875846
4.122770036,4.186848370321387,4.121571,4.0051202707,4.0809325906793745,4.113861282243619,3.933461
4.061649179,4.312058077632718,4.2880626,4.218136901300001,4.179677706991373,4.211704286368449,4.104335
4.536248741,4.417175291182748,4.431746,4.3689303102000006,4.390736579485628,4.383268908515709,4.3765483
4.459566212,4.507203506861185,4.596097,4.5516213072,4.635949012860058,4.631816133806058,4.725038
3.047850228,3.796000978390285,3.652102,3.6169322265999995,3.6748648655532645,3.6694384900906654,3.6197934
3.974809994,4.477497435909948,4.3761835,4.3108213639,4.186069341694964,4.207717596780199,4.1309686
4.539030383,4.452859297540508,4.4948993,4.416260464999999,4.404794298251645,4.456121614990228,4.428458
4.065945088,4.465660369203554,4.538035,4.545407222,4.563403148755296,4.51804172171296,4.56274
4.947127353,4.861415149181215,5.0411563,4.9997347266,5.203238594961142,5.191599478029451,5.2590017
4.479039909,4.55615730645909,4.57157,4.5170569096,4.476836509365179,4.5264893101829635,4.5477185
4.651003602,4.530721251410193,4.6248384,4.6691179516,4.705379259574288,4.5547624277002035,4.6771398
4.824466346,4.768835854450256,4.9119706,4.534475897400001,4.6958185435272535,4.866963260314659,4.6575446
4.768478804,4.653128893289305,4.7330284,4.7103948249,4.819252163580537,4.85121110037218,4.878785
4.07090533,3.852783019277978,3.93432,3.9985622176,4.023945187588415,3.940939797332285,3.9620564
4.649761069,4.161016934076204,4.2366743,4.5737349434,4.562222604386007,4.680149276069832,4.5022492
4.39432569,4.503280908453014,4.600074,4.6007936949,4.531717650027743,4.578467387943945,4.544613
4.714293613,4.567245503119681,4.6658187,4.9387501823,4.826717371279944,4.708831920718077,4.8240113
4.047252955,4.359428207469741,4.371612,4.5337303089,4.331119471330931,4.314788085309466,4.355474
4.073971772,3.9885113716250626,4.2312846,4.3163380655,4.331412502053118,4.3734396238805795,4.366917
4.956108708,4.686424672172964,4.800771,4.8934998114,4.830189654710819,4.859137418856974,4.785759
4.979007019,4.714014559018805,4.9016185,4.8768490280000005,4.8235396521223635,5.00850659496793,4.8258486
3.780318514,3.520716329375575,2.9091327,2.7925058811,2.922563017162075,2.744557267866093,2.792291
3.756538103,3.7530520777697802,3.764975,3.5269691715,3.533604225394928,3.617221662635048,3.5431368
3.788951008,3.9118282071676784,4.1987042,4.3122133481,4.326196105380486,4.245404748903501,4.349316
4.154969184,3.8809314836202584,4.0824585,4.0851436471,4.13926456101054,4.131123131387209,4.163475
4.30528057,4.607392951854227,4.5347295,4.7019882334,4.643665074374159,4.549803208159591,4.612955
3.568969157,3.8334708580371,4.0632486,3.9760024979999997,4.058217368722515,3.9054417254944065,4.017473
4.752123599,3.8987760303188197,4.139895,4.1785405469,4.247442307313086,4.2714091867871575,4.4220085
3.183870216,3.7554539935606237,3.5208263,3.9554636218,3.876268111338526,3.7581922827761636,3.88193
4.660604893,4.7290536894059345,4.915995,4.8452888359,4.89424406228864,5.0173530760896865,4.9302397
4.111365547,4.365271291255146,4.1757746,4.0172571574000004,4.112424184512972,4.089750769917139,4.061651
3.485844856,3.7712547117067485,3.7931178,3.4446971752000004,3.4599409487336494,3.6755336287302534,3.435389
4.911109575,5.300717067571406,5.113636,5.038042201300001,5.099645239578226,5.0528984867671936,5.189624
4.577593418,4.296754482401182,4.2458906,4.2263540317,4.146466390491409,4.160314943880772,4.0982113
3.988243031,4.226272459821081,3.9852276,3.9675192682000002,3.8800560573204406,3.9865165141516714,3.860492
4.47038086,4.0905332689690095,4.270444,4.3465543573000005,4.53996934953961,4.647874872675306,4.693215
4.377265318,4.387543164379585,4.418359,4.300026760700001,4.349921448473057,4.38586006317869,4.3532557
4.783232686,3.9037858393307765,4.1068625,4.1234685343,4.2291143578123345,4.237924246681887,4.3129344
4.774237627,5.130279064584967,4.527768,4.5765346648000005,4.727821700299369,4.651871445970711,4.787285
3.661251287,3.8165754128531155,3.7234485,3.8317858530000004,3.7336605617646437,3.7851032787768957,3.836466
4.146620707,3.868572660315719,3.8640976,3.7967704222000007,3.7240286531734785,3.762789134477658,3.7352016
4.764393692,4.488762030645237,4.469479,4.2081670395,4.445789748781917,4.395854004198269,4.3621535
4.241902127,4.4630047943913596,4.4856305,4.450900738800001,4.528981936946143,4.4689459733620325,4.4901505
4.772801027,4.585753263763177,4.653181,4.822652154599999,4.850169613093903,4.691932276395898,4.8290863
4.039360254,4.337218119491328,4.343229,4.1754685627,4.286904947855133,4.205993913220752,4.080222
4.284689402,4.381124196441435,4.3643694,4.222736487699999,4.354604161620658,4.289370140761722,4.325616
2.714694744,3.698914254901758,3.4809504,3.3460282333,3.227084233411101,3.310861717295384,3.2133505
4.773223771,4.483654648348325,4.6161876,4.5571810085,4.518210918282064,4.5301589132091955,4.5372844
4.08311508,4.494783513860976,4.48614,4.5743462114,4.534186132407974,4.447159144192318,4.504701
4.416669578,4.545539431557465,4.578128,4.588059090899999,4.638036827874052,4.590776414245971,4.57799
5.214772701,4.818741386220949,5.0964646,5.105675568400001,5.085430919172527,5.080488153596323,5.107712
3.216071898,3.3522469136276136,2.930848,3.2986989277999994,3.2860434866709216,3.0026004035025062,3.2299187
3.937495801,3.7518138193873227,3.7788389,3.4552806798000004,3.5123874108533872,3.59778586827715,3.5062118
5.560335417,5.5627601838128715,5.3061805,5.348930596700001,5.338832673775141,5.320975079143704,5.3882766
3.784644076,3.8141001112053106,3.7439556,3.8365207982,3.774233335559343,3.779722176656461,3.8593826
3.994708372,3.6265049028870915,3.4705532,3.1240686534,3.0592764217862856,3.1810740332344523,2.9374328
4.388257184,4.541011031053598,4.546233,4.6338187119,4.5552807001579865,4.512134495375428,4.668538
4.365643155,4.527918684104499,4.6190276,4.6691179516,4.5691263004516705,4.536699855769604,4.5985284
3.891412052,4.334653314496803,4.2349644,4.2450870999,4.28471744673221,4.161270554969719,4.2345085
5.251225759,5.212903310521117,5.1154423,4.9685223805,5.175501882750833,5.052697369361045,5.250007
4.734793954,4.487661656695632,4.565244,4.669506590499999,4.653718490094346,4.544115784387286,4.624031
3.964425684,4.394249371058697,4.2507176,4.1568333847000005,4.1425763969509095,4.138583921619204,4.182563
5.033895988,5.6254348749272935,5.1201797,5.1132671798,5.228859845324794,4.991101675045427,5.11668
4.401338946,4.494614658300571,4.612116,4.4746791759999995,4.46066172753576,4.495388983913241,4.4194326
4.205885937,3.8717007333934776,4.080548,4.1666269671,4.183909980088613,4.091250144016331,4.2348404
5.995954452,5.709654307195729,5.354113,5.5741891594999995,5.361159294803005,5.775123920802918,5.4316154
3.809103951,3.8630871211887876,3.9014196,4.1170127073,4.075489889950569,3.972765896105001,4.0952754
4.533459338,4.445546133860143,4.382585,4.2370604429,4.347816827491281,4.236723702186574,4.321877
4.974178757,4.766744190193134,5.0150046,4.8455504441,4.904062549486785,5.016903507002807,4.9971914
4.562993107,4.520637020737673,4.518683,4.4684675360999995,4.4628321573730245,4.460062246453609,4.5464745
3.989354348,3.8494495861934324,4.044935,4.054918874699999,4.025323634243635,3.9071895874856333,4.0487237
4.342375829,4.386211484204207,4.4004936,4.3315429463,4.382750966866129,4.384349959406716,4.4022093
4.931375613,4.667437010879915,4.7856536,4.534475897400001,4.63414045310753,4.849366013067635,4.6555705
4.423408472,4.3397126960462655,4.167199,4.2227885383,4.185141316926869,4.028909158982136,4.0600395
4.778703237,4.4861287627567545,4.5528355,4.5799760471,4.602503758066449,4.5502189382033364,4.579473
4.64352514,4.500434335390445,4.4165487,4.392088350900001,4.407594672151626,4.418908293701259,4.344696
3.941775964,4.042248526408766,3.5874975,3.9596069646,3.9112444066595615,3.6407548918784145,3.8872356
4.543294782,4.432466156720777,4.4649367,4.316962349399999,4.448524240502781,4.407458812535325,4.4703155
5.264243386,4.958058406989421,5.1984997,4.9902579246,4.960725400985125,5.228010394228147,4.992407
2.877511642,3.484251596033068,3.1349082,2.4951309501,2.6782861101461406,2.950041231306471,2.734101
3.926517452,3.8763273126927267,4.0695214,4.083126757800001,4.134650566094364,4.1029088895511165,4.082293
4.493568009,4.441266281456884,4.2920966,4.3771633976999995,4.373224540733042,4.347013579240378,4.2489457
5.023748933,4.989617939755293,4.566428,4.5756111888,4.586304983753967,4.625669355994715,4.5744076
4.375127893,4.403846627398619,4.2488317,4.439902996,4.349325189019403,4.31114626315607,4.3953614
5.241905733,4.935175579154543,5.1181936,5.057526727799999,5.260895861562395,5.195569172707965,5.321186
4.003142599,4.3917717576692965,4.41028,4.4304533234,4.465316905771976,4.396449199085597,4.392649
5.713402718,5.61859970791982,5.3039107,5.282608008599999,5.239127379937328,5.547143061579316,5.2154803
4.154812309,4.320211039056501,4.122851,3.9991801089999996,4.089526388584004,4.130369935332569,4.1459184
3.735524462,3.7677228226989294,3.7068877,3.6650256232000005,3.51445103968665,3.814836622762107,3.4715924
5.174226981,5.140910960051608,4.668525,4.5926099003,4.7576518273047474,4.878226625048884,4.7863903
4.388505601,4.345050291395783,4.324257,4.2311294107999995,4.258658185445235,4.253393251958303,4.262062
3.809547214,3.872559706324593,3.862931,4.0459113968,3.974241597485565,3.9888453129174763,3.8646
4.287853308,3.884731814021813,3.9030497,3.8919131007000005,4.090614462489911,3.896484591061461,4.188929
3.280159053,3.7352283342115147,3.5222652,3.6382768681999997,3.6402022660247195,3.5388582165430007,3.747204
3.124125488,3.7109155378275935,3.6502898,3.2833506670999997,3.2605361954242595,3.465888295108458,3.352901
4.484921613,3.8478096647183264,3.9246671,3.9128051633,3.8972211332936735,3.957301636490452,3.9656286
3.924741778,4.0862396526615905,3.604513,3.9951911536000004,3.8236124407940872,3.556011942641484,4.063436
4.837313121,4.614857810896857,4.8159814,4.7922379411,4.799643494017547,4.743414538715165,4.778795
4.312408568,3.743072977766877,3.7417774,3.5802384988999996,3.738885664014272,3.556023775383617,3.677903
5.186882886,5.621387712477624,5.4237256,5.3489305967,5.6374675951106425,5.6020736709589265,5.617086
3.575430762,4.242530754205735,4.0914736,4.0689345245999995,4.038601573886934,4.070285664298434,3.9354107
4.994980054,4.667969057278278,4.848258,4.8488532463,4.792920425103034,4.9270580916283055,4.785106
3.931433399,3.8211103835563582,3.5987628,3.9546925193,3.726252675321279,3.735734449367151,3.7455363
3.597312261,3.8339470477416873,3.7456439,3.6964980597999997,3.7894311901435045,3.8152854114044508,3.7624426
4.9682148,4.473421498152569,4.523565,4.6186283071,4.62197020980818,4.512729001124307,4.7194214
3.879706404,4.498809127909877,4.52123,4.3886161363,4.375606860466424,4.566183969687578,4.339476
4.333623895,4.541295821300878,4.52219,4.4755203121000005,4.325717501753452,4.482776865379774,4.448707
4.014940539,4.048356106106612,3.6851711,4.0707606653,4.0478047193132305,3.786037216192786,3.9692621
5.083699865,5.58072273526062,5.4841366,5.2354979611,5.279788361163643,5.269079220990805,5.2771926
4.522223265,4.587761572024933,4.585102,4.5809903359,4.632418755791399,4.621781339788736,4.6007867
4.05958057,3.8367758416091187,3.730967,3.7805470354,4.056881042792555,3.963746939039882,4.0160275
4.422208424,4.650580533088599,4.7096634,4.7848294539,4.743542277605693,4.850233059068648,4.7174177
3.958906591,4.33756909901762,4.267071,4.2729477905,4.148261009443929,4.179758516189671,4.091106
4.245204118,4.221120478000827,4.1094074,3.9060272017999997,3.9623004302372204,4.057871893822501,4.0489054
4.876646654,3.9684046570477856,4.1473837,4.3221534981,4.405345955951891,4.322194680599328,4.4785633
4.548705649,3.990447033631587,4.290604,4.5118282699000005,4.345521689970638,4.605936356758845,4.357951
4.759177998,4.9095813084217275,4.5182133,4.5252565881999995,4.4685795448749,4.395639756605139,4.532496
4.201403635,4.294848687488785,4.0269933,4.076290096000001,4.1240007732956965,4.114506093211676,4.1996393
4.944210551,4.688637919524922,4.9239984,4.832410856099999,4.971613301017706,4.8744893122683814,4.974105
5.380450196,5.346965938621528,5.120274,5.4050861468,5.275789113012086,5.221138514793109,5.3601866
3.903385812,3.8306769568650543,3.7737002,3.9894778154,4.007258290263766,3.8424991208157993,4.0628138
3.655064106,3.810807679254666,3.8147724,3.7690684873,3.989912730011306,3.7809637568991925,4.0377016
4.935264987,4.104608897783475,4.4196963,4.6381415733,4.727814228720059,4.749131926977711,4.8311925
4.81818259,4.423896322247817,4.3233757,4.4006140297,4.452097490680036,4.317598884070272,4.4410195
4.339249605,4.37550066213032,4.413011,4.5047524564,4.468694326850296,4.398525288397321,4.347341
4.532707014,4.634544812140448,4.6993017,4.8760462847,4.73565673025202,4.872273576180656,4.6377506
3.535145354,4.21462337588076,4.0314345,4.025414166399999,4.02382792424953,4.013194981633443,3.960086
3.696103299,4.333229793104238,4.0219865,4.1016247246,3.9373244124537363,4.026177734077056,3.9605644
4.837709459,4.594197650685506,4.637223,4.6893833107,4.730181993675013,4.5987668428505994,4.702847
5.225854195,4.959555358038228,5.002015,4.814664885799999,4.949715638805719,4.938153807491425,4.977535
4.774153178,5.342166350192235,5.1592283,5.0356492018,5.002483572156088,4.983301529068393,5.0353847
2.519308077,3.385573426942729,2.9270756,2.9662609067999997,2.9211256640397663,3.003955773361181,2.946331
4.916690848,5.263989542178428,5.1161265,5.314121266,5.144381615289915,5.096036724076196,4.9522014
4.273745191,4.766505298926419,4.762866,4.603842587600001,4.766880557490935,4.821875760988746,4.689733
4.162781724,4.008775565439612,4.2983756,4.349179599200001,4.358826108193523,4.408902147466797,4.323691
4.6226171,4.329782196701692,4.3339267,4.3437687782,4.297969034050625,4.283782680405607,4.3234377
3.916015027,3.7568428568917174,3.153066,3.4907797713999997,3.156127590753089,3.3547113434859117,3.2884026
4.226395693,4.333160457544211,4.2844977,4.186845269600001,4.209961663064728,4.20822262468903,4.2082844
5.117993812,4.8231416143249985,4.9762383,5.0740961947,4.959439504189399,5.027612909408727,5.0167975
3.473828073,3.746203205314007,3.7073839,3.4719693602,3.5665883364526536,3.6186131380515367,3.4983857
4.357221516,4.425476107994769,4.45046,4.2562638423,4.353808304257838,4.419403769390477,4.33769
4.904978438,4.566542205281187,4.716614,4.8826178893000005,4.83040304622097,4.821796295310721,4.8011107
3.995260604,3.7801861732953568,3.8610938,3.7361178217999997,3.927931240331479,3.7312963831385333,3.982649
3.612808017,3.521797224003718,2.9091508,2.623510078,2.5424806675828506,2.8043876934371146,2.7614415
4.101651137,3.8796662320636326,3.9502032,4.0527429572,4.11863697997155,4.133594546419565,4.1165977
5.414588148,4.637067879546609,4.774281,4.797150501100001,4.803797361389777,4.822401508409245,4.7945046
5.069155743,4.74146567606149,4.8883777,4.8679660703,5.1026584973497275,5.0245676867734845,5.1276455
4.287166354,3.8315815368531205,3.828765,3.9373566257999997,3.9054505612732244,3.8661958276941766,3.9120867
4.46326094,4.3822370747459,4.3292594,4.448501150999999,4.2942286475552365,4.39913871364108,4.3778706
4.357862008,4.012437724185239,4.1433835,4.027600064299999,4.18227574545874,4.406168593095887,4.1579304
4.307303088,4.468546646391855,4.54469,4.5008140549,4.543419046851898,4.515783370963877,4.5995517
4.749010756,4.686062230868821,4.8279424,4.989307544000001,4.9451760497494375,4.892550059257887,4.9565234
3.054944133,3.6961431358754773,3.6443493,3.1802018861,3.398812299140936,3.3959368730778103,3.5975468
4.142975984,4.905140621892208,4.3783183,4.3775344809000005,4.314065515881387,4.274837393391938,4.3252583
4.83540851,4.653006677193029,4.75845,4.5977282001,4.66314034179442,4.810043962197108,4.6024117
3.94022166,3.8727738793105475,3.8992987,4.0954631700999995,4.072453216669403,3.997323230486928,4.087643
4.146937012,3.9323193028543764,4.1709194,4.113636057599999,4.198910884573633,4.241191858343206,4.2615943
4.307572449,4.416917309449296,4.269442,4.2684273183,4.42465333993954,4.2433299280852586,4.448014
4.342895917,4.655773368923367,4.7055006,4.9051308757,4.743217932767066,4.697936904051715,4.7787952
4.344324767,3.931966710902719,4.300663,4.317124807500001,4.335926167031829,4.257668134037912,4.334885
4.626050664,4.5979338988932605,4.5768385,4.5682588887,4.580940188843092,4.5804022906333834,4.527578
4.981412435,5.393941818244435,5.157787,5.320073521099999,5.3133629914741265,5.291658201194407,5.2783494
4.034063631,3.832896610672546,3.8449788,3.9712217689999996,3.942803036357988,3.871587687097501,3.943629
4.885072071,4.666650355910201,4.7713413,4.952465931899999,4.804130298459141,4.748853523280742,4.803759
3.330774917,3.7245461296190796,3.689854,3.7221433645,3.580570185303908,3.546696285343327,3.6728098
4.507336826,4.606751736226829,4.6790442,4.770994186599999,4.656346456711408,4.675100553914884,4.7185416
4.337682821,4.124450920597892,4.284416,4.7184087523,4.635942536921649,4.765282058678813,4.6283817
4.863758098,4.530789117001955,4.54959,4.4981338206000006,4.6094466563386,4.689208374402868,4.639088
3.883211924,4.271797141582351,4.2326016,4.1497414491999995,4.148082330990193,4.201510727385432,4.140918
4.55744945,3.9461594961447446,4.141904,4.1201218755,4.2038371766679905,4.306698499284307,4.2494917
4.312140507,4.382375119755793,4.3386474,4.338417763099999,4.293281201945398,4.297272266529437,4.1953917
5.243913978,4.67379995486384,4.921148,4.890843432800001,4.866506798278306,4.9691813465532455,4.8067575
5.052097084,4.636605744036409,4.745297,4.4929128442,4.566380696915189,4.725064515715127,4.5699873
4.882650396,4.723706189303131,5.0275846,5.030202862200001,5.016447433537694,4.956020458450675,5.0155954
5.307177995,5.7393312679841575,5.204762,5.158217175300001,5.194319993358375,5.124426917652872,4.979877
5.017147378,4.736209124984869,4.8836555,5.0341165736,4.970998342836918,4.811275673114872,4.8114057
4.547223226,4.510019127926067,4.533688,4.541524104899999,4.550557075946629,4.494359026889171,4.6407404
4.145512849,4.315716436629918,4.2943897,4.418390004000001,4.238451273016626,4.23196796291197,4.28297
4.042700329,4.474793493029798,4.400197,4.3681824227999995,4.356048578019246,4.337968984399252,4.341169
3.404857342,3.671557905633356,3.5686426,2.947161303,2.8448862731758213,3.3234770367403828,2.9348168
3.971800209,4.388673468589034,4.218335,4.3173755307,4.34657512807831,4.282562514886053,4.234427
4.084294226,4.506488657448667,4.383969,4.2912415513,4.138434175098654,4.20479649453697,3.979647
4.368814741,4.479100417083958,4.4176087,4.4408800069000005,4.550633729424292,4.417148696741899,4.585256
3.966132331,4.451071943108311,4.3583894,4.324851950299999,4.246321531063095,4.327141195486761,4.126853
4.405132623,4.573088720156284,4.5463777,4.4293768543,4.46255489096066,4.511435008153465,4.444122
4.670208582,4.513688289407831,4.6019464,4.6236408568,4.717822468012714,4.644055974670109,4.6982503
4.610555658,4.559033789866248,4.6252737,4.436090310799999,4.543246218300446,4.581263647420263,4.410502
4.937060513,5.0672386686309485,5.1332707,5.2733075914,5.279774282380132,5.254120000138915,5.3923836
4.065430552,4.471426550111265,4.532272,4.4026066089,4.480418402923615,4.529093357902048,4.416582
3.616577542,3.846957565844103,3.9690225,4.0011160536,4.07753460663174,4.0002500657000954,4.121447
4.090838423,3.864868529627966,4.096042,4.1098918903,4.031816384440774,4.064916702838551,4.0249443
4.263102323,3.8513150049073763,3.9969876,4.0432175851,4.096982373235534,4.021901235802452,4.035767
5.133088887,4.908850202526262,5.087031,5.1610717222,4.981808452043106,5.017186783485512,4.879752
4.755829062,4.748869908972631,4.9386744,5.1020473246,5.055891278707448,5.025297677216243,5.178269
4.747884288,4.708674782133787,4.846477,5.157225143,5.187083635942007,4.8304546921865725,5.0809555
4.357990057,4.021520234681964,4.2675886,4.3163380655,4.39430574819237,4.493072008757466,4.4133124
4.297149343,4.4530398817043215,4.4189677,4.2851408561,4.26079963886927,4.2821154493178755,4.2614827
4.588125751,4.452936349856837,4.5579133,4.4647372837,4.534562018674337,4.4329749816735795,4.4937983
4.529799879,4.267581754867699,4.1755,4.0017776228,3.9522334064105085,4.096748917137277,3.9475706
4.971686544,5.206461653233375,5.0694537,5.164771007600001,5.026253667753858,5.0343343042289055,4.9602284
4.643910014,4.989111638833951,4.43922,4.5137631104,4.536297107329809,4.481736115691687,4.511407
4.873669439,4.640759563588389,4.7446623,4.5917493697,4.6408749242507,4.7325346657574965,4.727981
4.351180755,4.389925412229656,4.3986564,4.319269364799999,4.385700925648252,4.310726381287973,4.368256
4.878854749,4.536694173815075,4.632951,4.7592220214,4.750225765410075,4.6713872355692905,4.8041534
4.022669526,4.305998365854011,4.2110248,4.292270676,4.332884493653389,4.147432313755335,4.381114
3.881357591,3.379438936890005,2.9480698,3.5539016095,3.7832868925653105,2.8961950927414133,3.8468344
4.192831509,4.3869057918571706,4.494508,4.605770637200001,4.350877108632912,4.4320880921743555,4.3392015
4.856706812,4.570649376376091,4.6678123,4.692284238,4.7059430060911716,4.716616541077899,4.7294865
3.863672744,3.8318423025937838,3.9613645,4.037380315399999,4.023495648514325,3.9543260436697545,3.9912815
4.482550472,4.571729812035903,4.5203357,4.5419184156,4.515125931932378,4.483211008352643,4.5075808
4.137723286,4.425076930449743,4.491914,4.377996265999999,4.4692420853071155,4.4504539390485345,4.380906
4.182050143,4.242561176067217,4.301905,4.127844541100001,4.2205795834538495,4.152116335435084,4.1869817
4.896570338,4.689407490981971,4.7763953,4.7914426075000005,4.798046492225984,4.82484975894139,4.7203984
4.583640067,4.601814921550708,4.634929,4.549984759,4.637511123307908,4.655685936387804,4.703313
4.063369758,3.976980802752872,4.27805,4.289901814,4.260804439395663,4.424120704491543,4.2831407
4.455393261,4.51167784858168,4.5170836,4.5493660303,4.4971134907253365,4.495033454859603,4.5124855
4.025530246,3.8211419225207366,3.7145252,3.6964980598000006,3.7778135150306444,3.8104443157779606,3.7702587
4.911624944,4.325159903744461,4.2467327,4.258396762299999,4.226817878058642,4.174715284742136,4.219256
4.624188192,4.238253339605932,4.534143,4.8682319603,4.904621066211719,4.926104694393935,4.9396863
3.745968421,3.833960762453118,3.8846295,3.8794781053999996,3.892045754772634,3.9751735122481686,3.8780642
4.989071116,5.053052301853363,5.169167,5.1374210734000005,5.372022820960385,5.358166652997875,5.4654803
4.497028027,4.655458120525361,4.614535,4.7212329655,4.765022934924244,4.6660412210373154,4.8018456
4.338858139,4.2966964583605805,4.271321,4.2924870960999995,4.1607716287242065,4.2426869721002305,4.1490746
4.620551288,4.444512570604744,4.4711013,4.4892396727,4.3804074345629145,4.4760882044339665,4.509476
4.930870326,4.677657686468422,4.830686,4.8981111571,4.9066265171039225,5.021333018882495,4.955191
3.374853406,3.770478870287072,3.800921,3.6863643505000008,3.7540461919619186,3.7034090946939258,3.6957817
3.948354935,4.291415514689695,4.234509,4.2508827920000005,4.144901696036627,4.155956466942473,4.1250257
4.558183395,4.6547804071553935,4.7224965,4.7392532444,4.8752056575716045,4.876577113060281,4.969874
5.353373572,4.468468066056878,4.5574675,4.660233051500001,4.615255520657444,4.543489447497435,4.6593046
4.865455368,5.199561210356728,5.0736203,5.1803018593,4.98639058668239,5.009859648088416,4.952025
4.396052806,4.369850131506966,4.330136,4.3219345573,4.252291490079009,4.280791317102486,4.0638356
4.184794465,3.849928492380492,3.9743729,4.0038307168000005,4.011465274280734,4.104610564636575,4.044644
3.278276168,3.823504817326103,3.77925,3.6429696656,3.456243601273897,3.603457396742448,3.398072
4.193435465,4.379630003274558,4.3240657,4.3815105477,4.32691144878127,4.313998137219878,4.3833814
4.416428061,4.51784731441732,4.551615,4.399295480499999,4.432708343632976,4.491629221381359,4.347752
4.68111219,4.691969326870838,4.804339,4.7137305640000005,4.866774630561526,4.819433801584628,4.999678
4.457365991,4.278655348481049,4.379666,4.1278445411,4.374258683676229,4.278157011556807,4.4023232
2.460443178,3.4644958301465794,2.8321478,2.7111557899000003,2.677860474241097,2.5625933461535624,2.5247204
2.855895328,3.484836807833945,3.1431446,2.9752442863999997,3.2431652187222784,3.072931650989715,3.2732916
4.797607077,4.564841794464937,4.678386,4.7047311488000005,4.616122333824225,4.636265539513351,4.669815
3.174296781,4.20858206458609,3.9552953,3.8820873545,3.7985033030140585,3.9548222435665283,3.8777328
3.853121898,4.138372512829992,3.6418307,4.070926613799999,3.675280246700563,3.6990111381964974,3.5405004
2.35991016,3.4604305534175905,3.083667,2.6248567528,2.6575049954380385,2.820858767435948,2.4323504
4.250350663,4.126208382710507,3.8295894,4.281654435799999,4.013841673500262,3.8628890258082853,3.875639
4.362461479,4.355806435791339,4.3255563,4.251460420999999,4.247716548773806,4.225028402478569,4.2556124
4.543720224,4.465949709646793,4.4848213,4.4015609971,4.517946840750787,4.45667671586189,4.522545
3.385745277,3.777006181821449,3.7462041,3.6097212388,3.8488467252404557,3.749035260144441,3.864814
3.798630318,3.828551958457233,3.877891,3.8209091029,4.021863503906008,3.856582423603843,4.0435314
3.844814256,4.276673817871112,4.180743,4.2560902746,4.223139856201848,4.092887182257194,4.2049594
4.021953065,3.7775583040504754,3.7959664,3.8268722501999997,3.7920359050658443,3.7777579301749578,3.7926002
4.256179925,3.9360340745867184,4.1934624,4.2724913115,4.265216605074151,4.342213204281042,4.40482
3.344274234,3.8095777567548574,3.802653,3.7405986002999994,3.8422997571630826,3.7818561951844187,3.7968988
4.032646448,4.253671163148732,4.1383715,4.058347744600001,4.118247285267915,4.041476179499157,4.0029964
4.003872659,4.22225029516443,4.0854692,4.1361491306,3.958002836740674,4.058673455335236,3.9563134
3.854817532,3.7570554065728876,3.7836013,3.9649715453,3.751895329411359,3.671514440011172,3.7287612
4.177919486,4.422403358358746,4.476092,4.2881773124,4.416276256165423,4.443559123049253,4.457432
4.701843073,4.812527608724415,4.9652753,5.2282721172,5.198142760547925,5.10925326297077,5.200514
4.529476342,4.508672675988608,4.550653,4.4288516067,4.572590820833657,4.575719643915234,4.547663
3.999667515,3.8128966978168526,3.7039974,3.7151299746999995,3.7368317011794216,3.7139033969147923,3.7533586
4.033532423,4.393957664092486,4.4410243,4.507211224,4.338381950490834,4.377436764814042,4.3749557
4.169297415,4.293495574536555,4.235186,4.1236695472000005,4.206770866067535,4.088798146189153,4.308691
4.548494009,4.559738861980273,4.6536026,4.4478791572,4.663629297396137,4.644623042206975,4.718542
4.720550337,4.571319821746457,4.5382757,4.452158128100001,4.427213520612849,4.43279988846579,4.393761
5.224617004,5.431599615393555,5.011747,4.8416680596,4.695781440860182,4.905848976603768,4.681111
4.135806352,4.273343759082367,4.20626,4.0790368179,4.151586889920333,4.146691067206046,4.1190295
4.145829505,3.8024055055339736,3.8562775,3.9800505391,3.950167423592522,3.899846781875255,3.9840953
5.001930853,4.65621678360308,4.8409142,4.9033364404999995,4.829431728139883,5.077492845132644,4.885171
4.327438444,5.0189904724399845,4.5333056,4.6227902495999995,4.5666000216904035,4.575778108561265,4.532296
4.095843438,4.222640480639349,4.2309666,4.1954097051999995,4.251682272510651,4.137337183718763,4.201903
4.351438553,4.408607783318721,4.463372,4.5915071662999996,4.404559206046381,4.320368735539163,4.364972
3.785325352,3.817235595055456,3.7831051,3.750874065,3.8223541251306896,3.792735929967246,3.7992516
5.037342137,4.631799771540815,4.7394934,4.9341041161999994,4.845243428893142,4.846151090535805,4.7872972
4.760206188,4.839702823724536,5.0747685,5.1343635584,5.143261599382581,5.16306656069527,5.205374
5.042586055,4.599925715180467,4.7291164,4.765275407600001,4.719965763603921,4.786342415284077,4.7610297
4.21980178,4.297593469292167,4.070424,3.9365365876000005,4.061269904530982,4.103257383976884,4.1370273
3.027715319,3.7220128940899744,3.48718,3.6382768681999997,3.623089117190953,3.5164920467310825,3.7553852
4.382401564,4.932112573385624,4.5463986,4.4394076075,4.536760692779043,4.565075402398724,4.6850486
4.02123609,4.380256732293346,4.396303,4.1778991725,4.345010503837661,4.363947398861757,4.3405247
4.492673155,4.401563229956884,4.3826017,4.4343026038,4.298683718187123,4.36336200632913,4.304564
4.609759638,4.472762032157213,4.4573197,4.278821700500001,4.4017454511100995,4.402204880794094,4.334495
5.213467289,4.696176141612007,4.889565,4.882510465499999,4.860418826574699,4.946951966062777,4.8523273
3.461351304,3.792967778859367,3.9313204,3.7063659732000005,3.681002175298771,3.7383725694989667,3.6042652
4.143610804,3.794810805867827,3.7518091,3.7038322016,3.825718868205812,3.7209935960798712,3.8302948
4.725350346,4.46353807293856,4.53947,4.657545875199999,4.605760794987155,4.577740022463866,4.668895
4.941856685,4.445977338474693,4.514366,4.6433394317,4.614431591793018,4.489034031346293,4.6897326
4.139158578,4.5554999414256026,4.4684596,4.4408844803,4.473337353041473,4.345982063789031,4.39275
3.619797293,4.311268870300782,3.9721694,4.1315646923000005,4.066841299179498,3.9400437279715277,4.041116
5.214881408,4.773748769490295,4.305245,4.6381367996,4.732603026822656,5.001684821713896,4.9777236
4.418599615,4.65149157797566,4.7271385,4.704507339099999,4.886163324424938,4.816205125497719,4.8277197
4.553771623,4.475806854049268,4.572731,4.6035001634,4.585066898933212,4.537036840660469,4.661675
4.23598879,4.298603620194869,4.2655354,4.250578557500001,4.217664994144278,4.21862158759844,4.2090535
4.046553898,4.4177843347762,4.4637446,4.3437002286,4.421780168986521,4.449092304785916,4.411851
5.214120208,5.349316105876155,5.2280517,5.329156938400001,5.19230250141382,5.287715353781379,5.0256095
4.170533701,4.531389250558048,4.535426,4.4970628448,4.3170495188582665,4.364856151494197,4.3192954
3.765608987,3.769523784124591,3.8262978,3.4014313720999994,3.521701691248113,3.661234442233568,3.4442508
4.778282804,4.397499125240564,4.454535,4.536187018199999,4.504492619668674,4.403741313063136,4.5941224
4.464527856,4.577569312115708,4.64532,4.6353649232,4.694311040536559,4.673538790555325,4.653094
4.800819203,4.6269282184920115,4.691343,4.6426376357,4.849585131172642,4.74196385731422,4.6974554
5.126045146,5.6305394103196384,5.123987,5.1132671798,5.220294087390003,4.999644092966639,5.11668
4.595018835,3.8424522289217884,4.003744,4.030396379499999,4.093323861000695,3.995052856159188,4.134804
3.097385927,3.7248711727481334,3.697005,3.4105673152000002,3.386958342138646,3.478064469460382,3.409849
3.954507617,4.270969695505351,4.27559,4.1975920445999995,4.255145774802163,4.183765329897176,4.3540816
4.868610794,4.589972250824689,4.6607003,4.7752342069000004,4.696712393290593,4.685373612541174,4.7351527
4.500920165,4.576276679860953,4.52881,4.456689040500001,4.49426148705395,4.394458761824993,4.425015
5.201035244,5.318122353878962,5.1860585,5.0919107664,5.0654436708751,5.112864463911246,5.130749
4.140114296,3.798939206396631,3.7639992,3.6929795564,3.7976502503258347,3.728425846839429,3.8402674
3.707210411,3.8374109043840643,3.9676864,4.2118603922,4.112218934686036,3.9838979491072637,4.108236
5.058599721,4.661405768216984,4.792732,4.8601510707,4.900567440576394,4.846520995243621,5.0225477
4.188745238,3.840737955056997,3.8929245,4.036403901,3.9480256238957416,4.007768835612651,4.0178156
4.407572542,4.35118546492406,4.3617253,4.3475136625,4.241473783202967,4.256977475777484,4.234401
4.050044303,4.4578299160680785,4.4074836,4.4308412961000005,4.393195826337038,4.446262066772749,4.287187
5.030699325,4.193120985176567,4.679396,4.8737975998000005,4.810606572130784,4.947085775232428,4.8735733
4.461761603,4.414843480598187,4.495462,4.3666487363,4.355743871727164,4.390877384060756,4.3430123
4.530769863,4.426253511614278,4.446255,4.6485941027,4.569252715644383,4.401708759178174,4.4928
4.922168313,4.460300839277266,4.5735087,4.638085558099999,4.6421285516662145,4.553806143822957,4.7161293
2.779440197,3.7201465605933874,3.6339524,3.4200975025999996,3.571075730997225,3.520115123281959,3.5239096
5.206859756,4.860197698409466,5.1568527,5.006373999399999,4.839452138402266,5.094822748431973,5.0022826
4.119524861,4.435927116220334,4.512231,4.625081358099999,4.562528910221384,4.432904568758682,4.7010427
3.781686504,4.329353086910987,4.2817836,4.1583935992,4.261442112656181,4.225626121465649,4.2173305
4.579031528,4.406364972470404,4.251477,4.3028159188999995,4.3820844352711195,4.357776055926229,4.380648
4.207673248,3.937051353881712,4.2342596,4.235879511699999,4.264413296352697,4.268438566320488,4.2986183
4.649282761,4.771482719243112,4.7626348,4.5801474555,4.804478002526126,4.7834844498468945,4.6550355
5.007497042,4.561838439174784,4.6634054,4.6255269363,4.630622346608554,4.676525865391219,4.6844563
5.334359958,5.056278112748361,4.975386,4.998728832,4.992496035795823,5.100880011956246,4.942506
3.137665769,3.6764339158564123,3.6041186,3.4571820080999998,3.246471705034013,3.3105018108064357,3.1976445
4.515245478,5.026762184106016,4.2991433,4.3657968227,4.439911493443999,4.362408288754552,4.320352
5.698535399,4.496337582991748,4.549978,4.404409237000001,4.658586396117509,4.506578306839737,4.7425003
4.424367475,4.561524593361628,4.5157113,4.5577243855,4.52146019651035,4.460979164405313,4.5288076
5.156465742,4.636172527939988,4.6743593,4.684466416899999,4.617291997679554,4.659614866004967,4.734377
5.161695489,4.539798450367175,4.623336,4.536548913300001,4.617616467906156,4.625462772845667,4.6252036
4.735671994,4.724004059755901,4.862374,5.026863744,5.072123407159437,4.953612248575458,5.0563073
4.844738116,4.119882137799967,4.312579,4.0276000643,4.058236653647925,4.542802689752992,3.9669247
4.881513214,4.6689528214256555,4.7705507,4.7551952961,4.825302263654198,4.823687471498169,4.87701
5.041940144,4.967686022451742,5.0931454,4.8722473175,5.415259940292773,5.213289977375935,5.4616995
4.3031187,4.378837139337464,4.388725,4.3180965217,4.272070145141028,4.328918153121331,4.2781034
4.955756633,4.8243269707112875,5.130511,5.1591222343,5.1230192664288525,5.258875143581672,5.146648
3.54731589,4.1337537788548735,4.2003264,3.8398490115,3.8806177912557125,3.938943600727784,3.7494087
3.268808194,3.808045579358239,3.8019574,3.7643927294,3.7250138477738277,3.7986540215240607,3.7302094
4.053001599,4.087619638136089,3.8072412,4.127411461,4.106940717511943,3.8451204781297403,4.1448708
4.456438132,4.520787080355085,4.556608,4.5057662663,4.5555032019392545,4.688445510375937,4.603662
4.71088064,3.8429280682335,3.9095986,4.0410978808,4.01732329359524,4.063812807673483,4.066614
4.310262068,4.419333604039467,4.43757,4.3363412899,4.385049860785008,4.3996540244741675,4.484371
3.994708372,3.9396088659055213,4.072224,4.0013370195,4.1370795465917265,4.30559877954604,4.150667
4.415582293,4.344672647374781,4.338217,4.1209199717,4.204511542866442,4.230824137617139,4.072493
4.893277168,4.408827468430515,4.43245,4.284552249,4.378303564036607,4.416326282895581,4.41443
2.896464272,4.376231335772165,4.209202,4.082801916799999,3.5813134630694905,4.1014677328487394,3.2162786
4.094844437,4.385766746232566,4.366144,4.1575447059999995,4.3593958539970545,4.3108228764702226,4.325673
3.985273467,4.437031889804122,4.4042745,4.4326164833999995,4.361208594576803,4.3637653828006275,4.277881
4.68203863,4.622301610379721,4.777562,4.316914117,4.416315270316885,4.521613145353774,4.280313
4.721885986,4.43368511748564,4.4333305,4.2537200523,4.402517084581208,4.378873288227199,4.330055
4.490320344,3.822489126629356,3.9495823,3.9768349556999993,3.998780630618406,3.910133027422561,3.9747841
5.127825562,4.563803647678454,4.6610436,4.5907090796,4.637888948172425,4.6966633921074035,4.618244
2.93385687,3.504162066629587,2.8804417,2.6285101196,2.3498888123885107,2.7767990473426876,2.441549
4.821732126,5.344343747814777,5.1718593,5.406605894100001,5.144529280668987,5.251885927757715,5.0877204
3.75630443,3.909439187395855,4.069919,3.9618442621999996,4.126979214070883,4.205956424140474,4.091462
3.47010136,3.7877080558061422,3.8710148,3.5727051583,3.5823052005753966,3.742031421161956,3.4484055
4.344065128,4.556345980831953,4.4294996,4.5048974061,4.408519466898173,4.441726962225269,4.3897
3.601413428,3.449369797988598,3.0664618,2.4708131666,2.482679363762449,2.9625349465759325,2.1263058
4.151512235,4.435499735851637,4.4598436,4.3309765603,4.397798984684778,4.431488345408074,4.3891654
5.380404138,4.691533199399885,4.823646,4.9704226555,4.8818991135598555,4.865791016185298,4.962696
5.050881123,4.632842464138914,4.765394,4.783429975399999,4.790513013321225,5.026254224335437,4.912801
4.299052551,4.430452881608052,4.4834266,4.591692092400001,4.472058595815041,4.437217228866546,4.487875
3.950281718,3.8380278257286173,3.729131,3.8554226665,4.0955176614863005,3.9828510577977525,4.1335616
4.55744945,3.8968572031416886,4.16503,4.1802313583999995,4.202264196273105,4.176466885106793,4.2251935
5.085495364,4.864375374547272,4.5631313,4.284724154,4.431141785505219,4.392221635404108,4.3944917
4.783567386,4.516308943953824,4.5946245,4.6078273531,4.606304637637096,4.649406423177503,4.6699944
3.976686519,4.478470017161637,4.408617,4.302985703399999,4.242448873894294,4.326015346638843,4.1903214
4.912801934,5.134236479271719,5.0562687,4.9685223805,4.900488019796068,4.9440329216688115,4.850844
4.598346961,4.404932252876487,4.2831573,4.3129762116,4.323688224337281,4.319843932203185,4.279732
3.314549575,3.7323859027970427,3.6006887,3.5205911178,3.21740073377245,3.4684328493504823,3.1611722
3.674019591,4.723386097151563,4.2431726,4.139724001,4.075859766770161,4.068295031638334,4.093254
5.147145579,4.6582441134451305,4.7951894,4.920097804999999,4.928154390886508,5.009158931662361,4.984078
5.192623462,4.940955970405809,5.263534,4.9653326151999995,5.073626236724838,5.1499522731145575,5.076504
3.762129916,3.843819430204225,3.8093626,3.8410446134,3.977105808644161,3.8407628299458807,4.023322
4.100326634,3.8524731528123515,4.0692406,4.174968886399999,4.02259802088088,4.042417872262885,3.9898875
4.156693187,4.5365007103324295,4.6393476,4.542253092899999,4.72920220302528,4.678391776087672,4.6978393
3.964615456,3.863851238556029,3.9840977,4.328285928600001,4.169310058460717,4.082669985730389,4.204648
4.180828022,4.3353247756117765,4.2611895,4.204779619,4.133955175250153,4.1730345040510874,4.1034656
4.234251422,3.830916199337928,3.9932108,4.0874548402,4.108540593551209,3.924885224214905,4.201825
3.585461495,3.7653732506966886,3.7295146,3.6610466214000006,3.8227127384537964,3.7833093321789244,3.7617185
5.069218618,4.708722437728869,4.974422,4.9676073049,4.985834342976183,5.080619327817589,4.8785686
4.825670246,4.560929206540353,4.566926,4.4812297592,4.571439560623229,4.545470028300158,4.5644326
4.123093976,3.7428688699590618,3.7163615,3.5128123498,3.627655537826286,3.6143343773880368,3.581702
4.657762636,4.54328684997078,4.59489,4.488009778899999,4.494289600323503,4.551361807606029,4.4221673
4.162937354,4.348530969826261,4.3549066,4.0898186159000005,4.262574811895016,4.311149737496191,4.2148814
4.099000374,3.8854830197490418,3.8742616,4.0449046769,4.049079949093678,4.022962857534814,4.1151166
4.309321524,3.540747367573395,2.9949512,2.7925058811,3.1418338842023723,2.793120303053609,3.6443524
4.378144107,3.9021783429058168,4.143641,4.0405333445,4.151191211547797,4.137043122059694,4.263253
4.411828126,4.474035383423096,4.5999703,4.3657469948999985,4.508227051545907,4.586103347351671,4.3533006
3.764450641,3.5801948017421905,3.173638,3.4683569057,3.5583300140093166,3.3731415302824272,3.8384857
4.524285457,4.4650531227963475,4.415793,4.1938963566,4.436846060996262,4.373089905721529,4.357971
